Number of Samples,Accuracy
5,0.9166666666666663
10,0.9283333333333335
15,0.9383333333333331
20,0.9649999999999999
25,0.9483333333333335
30,0.973333333333333
35,0.9733333333333332
